<?xml version="1.0" encoding="UTF-8"?>
<con:soapui-project id="962406bf-2a9a-4d31-ab3f-0e374b422c5f" activeEnvironment="Default" name="REST Project 2" soapui-version="5.5.0" xmlns:con="http://eviware.com/soapui/config"><con:settings/><con:interface xsi:type="con:RestService" id="280cb953-1a52-498c-b0cf-54cd2eca9f55" wadlVersion="http://wadl.dev.java.net/2009/02" name="http://xkcd.com" type="rest" xmlns:xsi="http://www.w3.org/2001/XMLSchema-instance"><con:settings/><con:definitionCache/><con:endpoints><con:endpoint>http://xkcd.com</con:endpoint></con:endpoints><con:resource name="Info.0.json" path="/info.0.json" id="dd63ef94-cea1-4ef0-991c-9f08e9e3888e"><con:settings/><con:parameters/><con:method name="Info.0.json 1" id="d7887212-fb84-409d-bf44-b173d4203719" method="GET"><con:settings/><con:parameters/><con:representation type="RESPONSE"><con:mediaType>application/json</con:mediaType><con:status>200</con:status><con:params/><con:element xmlns:info="https://xkcd.com/info.0.json">info:Response</con:element></con:representation><con:request name="Request 1" id="0154a941-360f-49b0-8cce-5ba652d77393" mediaType="application/json"><con:settings><con:setting id="com.eviware.soapui.impl.wsdl.WsdlRequest@request-headers">&lt;xml-fragment/></con:setting></con:settings><con:endpoint>http://xkcd.com</con:endpoint><con:request/><con:originalUri>https://xkcd.com/info.0.json</con:originalUri><con:credentials><con:authType>No Authorization</con:authType></con:credentials><con:jmsConfig JMSDeliveryMode="PERSISTENT"/><con:jmsPropertyConfig/><con:parameters/></con:request></con:method></con:resource></con:interface><con:properties/><con:wssContainer/><con:oAuth2ProfileContainer/><con:oAuth1ProfileContainer/></con:soapui-project>