<?xml version="1.0" encoding="UTF-8"?>
<con:soapui-project id="19cede3d-33b7-4778-b571-323f6c96b2ce" activeEnvironment="Default" name="API Gateway" resourceRoot="" soapui-version="5.5.0" abortOnError="false" runType="SEQUENTIAL" xmlns:con="http://eviware.com/soapui/config"><con:settings/><con:interface xsi:type="con:RestService" id="dbcbe572-1d7a-42fa-af95-92ccf79ed201" wadlVersion="http://wadl.dev.java.net/2009/02" name="http://localhost:3000" type="rest" xmlns:xsi="http://www.w3.org/2001/XMLSchema-instance"><con:settings/><con:definitionCache/><con:endpoints><con:endpoint>http://localhost:3000</con:endpoint></con:endpoints><con:resource name="" path="" id="092ce285-b660-4fb6-9fb3-7fbb921de481"><con:settings/><con:parameters/><con:resource name="register" path="/api/auth/register" id="ad31b283-87fa-46df-b186-ce823e29df19"><con:settings/><con:parameters/><con:method name="Method 1" id="f8f6670c-02e0-4c9d-83ea-63a5272c84f0" method="POST"><con:settings/><con:parameters/><con:representation type="RESPONSE"><con:mediaType>application/json; charset=utf-8</con:mediaType><con:status>200</con:status><con:params/><con:element xmlns:reg="http://localhost/api/auth/register">reg:Response</con:element></con:representation><con:representation type="REQUEST"><con:mediaType>application/x-www-form-urlencoded</con:mediaType><con:params/></con:representation><con:request name="Request 1" id="b72e3f6f-e3b2-4e78-8f95-3bc8b524dce6" mediaType="application/x-www-form-urlencoded" postQueryString="false"><con:settings><con:setting id="com.eviware.soapui.impl.wsdl.WsdlRequest@request-headers">&lt;xml-fragment/></con:setting></con:settings><con:endpoint>http://localhost:3000</con:endpoint><con:request>grant_type=password&amp;username=amy&amp;password=amy&amp;email=amy@me.com</con:request><con:originalUri>http://localhost/api/auth/register</con:originalUri><con:credentials><con:authType>No Authorization</con:authType></con:credentials><con:jmsConfig JMSDeliveryMode="PERSISTENT"/><con:jmsPropertyConfig/><con:parameters/></con:request></con:method></con:resource><con:resource name="token" path="/api/auth/token" id="81ab09f6-7bce-4fd1-8f77-b5aca7ed8b4d"><con:settings/><con:parameters/><con:method name="Method 1" id="54e69e52-59e8-4d23-9929-fe672576a5d9" method="GET"><con:settings/><con:parameters/><con:representation type="FAULT"><con:mediaType>text/html; charset=utf-8</con:mediaType><con:status>500</con:status><con:params/><con:element>html</con:element></con:representation><con:request name="Request 1" id="29b5f267-b161-47a0-afb9-3699d13ed6b8" mediaType="application/json"><con:settings><con:setting id="com.eviware.soapui.impl.wsdl.WsdlRequest@request-headers">&lt;entry key="x-access-token" value="eyJhbGciOiJIUzI1NiIsInR5cCI6IkpXVCJ9.eyJpZCI6IjVjZjQyNWYyMDIwNzAwMDhhZjVjZjMxYSIsImlhdCI6MTU1OTUwNDM3MCwiZXhwIjoxNTU5NTkwNzcwfQ.cznrlaFpMNrtso8eboarWMrNqeE4uUvR2TDG1rz2aPA" xmlns="http://eviware.com/soapui/config"/></con:setting></con:settings><con:endpoint>http://localhost:3000</con:endpoint><con:request/><con:originalUri>http://localhost/api/auth/token</con:originalUri><con:credentials><con:authType>No Authorization</con:authType></con:credentials><con:jmsConfig JMSDeliveryMode="PERSISTENT"/><con:jmsPropertyConfig/><con:parameters/><con:parameterOrder/></con:request></con:method></con:resource><con:resource name="register" path="/api/auth/register" id="8b15ee76-61ab-48b5-9bc0-e9415c7c49ea"><con:settings/><con:parameters/><con:method name="Method 1" id="16d52547-0fe7-48a0-9b21-1919b9bf3ffa" method="POST"><con:settings/><con:parameters/><con:representation type="REQUEST"><con:mediaType>application/x-www-form-urlencoded</con:mediaType><con:params/></con:representation><con:representation type="RESPONSE"><con:mediaType>application/json; charset=utf-8</con:mediaType><con:status>200</con:status><con:params/><con:element xmlns:reg="http://localhost/api/auth/register">reg:Response</con:element></con:representation><con:request name="Request 1" id="3afd9686-4ac5-49a0-8f8d-f89599b44745" mediaType="application/x-www-form-urlencoded" postQueryString="false"><con:settings><con:setting id="com.eviware.soapui.impl.wsdl.WsdlRequest@request-headers">&lt;xml-fragment/></con:setting></con:settings><con:endpoint>http://localhost:3000</con:endpoint><con:request>grant_type=password&amp;username=Anna&amp;password=anna2&amp;email=anna@me.com</con:request><con:originalUri>http://localhost/api/auth/register</con:originalUri><con:credentials><con:authType>No Authorization</con:authType></con:credentials><con:jmsConfig JMSDeliveryMode="PERSISTENT"/><con:jmsPropertyConfig/><con:parameters/></con:request></con:method></con:resource><con:resource name="token" path="/api/auth/token" id="b707cd7a-e010-431d-b279-391de5712d4a"><con:settings/><con:parameters/><con:method name="Method 1" id="134373a9-ed11-470a-8c0a-ff3bc9e09919" method="GET"><con:settings/><con:parameters/><con:representation type="FAULT"><con:mediaType>text/html; charset=utf-8</con:mediaType><con:status>500</con:status><con:params/><con:element>html</con:element></con:representation><con:representation type="RESPONSE"><con:mediaType>application/json; charset=utf-8</con:mediaType><con:status>200</con:status><con:params/><con:element xmlns:tok="http://localhost/api/auth/token">tok:Response</con:element></con:representation><con:request name="Request 1" id="75a8f47b-ba02-438b-a7e9-f7c3e2333c80" mediaType="application/json"><con:settings><con:setting id="com.eviware.soapui.impl.wsdl.WsdlRequest@request-headers">&lt;entry key="x-access-token" value="eyJhbGciOiJIUzI1NiIsInR5cCI6IkpXVCJ9.eyJpZCI6IjVjZjQzMGFlMDIwNzAwMDhhZjVjZjMxYiIsImlhdCI6MTU1OTUwNzExOCwiZXhwIjoxNTU5NTkzNTE4fQ.znm2xWxJohnHK-eTlWLBp2ZxDGfzYrYzM_neLJR2NCQ" xmlns="http://eviware.com/soapui/config"/></con:setting></con:settings><con:endpoint>http://localhost:3000</con:endpoint><con:request/><con:originalUri>http://localhost/api/auth/token</con:originalUri><con:credentials><con:authType>No Authorization</con:authType></con:credentials><con:jmsConfig JMSDeliveryMode="PERSISTENT"/><con:jmsPropertyConfig/><con:parameters/></con:request></con:method></con:resource></con:resource></con:interface><con:properties/><con:wssContainer/><con:oAuth2ProfileContainer/><con:oAuth1ProfileContainer/><con:sensitiveInformation/></con:soapui-project>